{"cameraMode":{"drawMode":0,"name":"Shaded","section":"Shading Mode"},"sceneLighting":false,"audioPlay":false,"sceneViewState":{"m_AlwaysRefresh":false,"showFog":true,"showSkybox":false,"showFlares":true,"showImageEffects":true,"showParticleSystems":true,"showVisualEffectGraphs":true,"m_FxEnabled":true},"in2DMode":false,"pivot":{"x":-7.681703567504883,"y":143.13124084472657,"z":593.0657958984375},"rotation":{"x":-0.31012243032455447,"y":-0.0008451596950180829,"z":0.00031403746106661856,"w":-0.9507355690002441},"size":100.50254821777344,"orthographic":false}