{"cameraMode":{"drawMode":0,"name":"Shaded","section":"Shading Mode"},"sceneLighting":false,"audioPlay":false,"sceneViewState":{"m_AlwaysRefresh":false,"showFog":true,"showSkybox":false,"showFlares":true,"showImageEffects":true,"showParticleSystems":true,"showVisualEffectGraphs":true,"m_FxEnabled":true},"in2DMode":false,"pivot":{"x":-33.77020263671875,"y":124.18740844726563,"z":1019.8143310546875},"rotation":{"x":-0.13926061987876893,"y":0.037727147340774539,"z":-0.00525045208632946,"w":-0.9895577430725098},"size":312.60736083984377,"orthographic":false}